uf,populacao,segmentos,regiao,por_milhao
RO,1581196,0,Norte,0.0
AC,830018,0,Norte,0.0
AM,3941613,0,Norte,0.0
RR,636707,0,Norte,0.0
PA,8120131,0,Norte,0.0
AP,733759,0,Norte,0.0
TO,1511460,0,Norte,0.0
MA,6776699,0,Nordeste,0.0
PI,3271199,0,Nordeste,0.0
CE,8794957,0,Nordeste,0.0
RN,3302729,0,Nordeste,0.0
PB,3974687,0,Nordeste,0.0
PE,9058931,261906,Nordeste,28911.35830485959
AL,3127683,0,Nordeste,0.0
SE,2210004,0,Nordeste,0.0
BA,14141626,0,Nordeste,0.0
MG,20539989,13668,Sudeste,665.4336572429518
ES,3833712,0,Sudeste,0.0
RJ,16055174,0,Sudeste,0.0
SP,44411238,91487,Sudeste,2059.99661617179
PR,11444380,0,Sul,0.0
SC,7610361,0,Sul,0.0
RS,10882965,0,Sul,0.0
MS,2757013,0,Centro-Oeste,0.0
MT,3658649,0,Centro-Oeste,0.0
GO,7056495,0,Centro-Oeste,0.0
DF,2817381,0,Centro-Oeste,0.0
